Success,Hop-number,Starting distance,Travel sum,Min used energy,Max used energy,Sum used energy,Node energy 1,Node energy 2,Node energy 3,Node energy 4,Node energy 5,Node energy 6,Node energy 7,Node energy 8,Node energy 9,Node energy 10,Node energy 11,Node energy 12,Node energy 13,Node energy 14,Node energy 15,Node energy 16,Node energy 17,Node energy 18,Node energy 19,Node energy 20,Node energy 21,Node energy 22,Node energy 23,Node energy 24,Node energy 25
1,4,1.25,1.31066017,4357.91016,4357.91016,17431.6406,100000,95642.0898,100000,100000,100000,100000,95642.0898,100000,100000,100000,100000,100000,95642.0898,100000,100000,100000,100000,100000,95642.0898,100000,100000,100000,100000,100000,100000
1,3,0.559016994,0.75,1867.67578,1867.67578,5603.02734,100000,95642.0898,100000,100000,100000,100000,95642.0898,100000,100000,100000,100000,100000,95642.0898,100000,100000,100000,100000,98132.3242,95642.0898,100000,100000,100000,98132.3242,98132.3242,100000
1,4,1,1,1867.67578,3735.35156,11206.0547,100000,95642.0898,100000,100000,100000,100000,95642.0898,100000,100000,100000,100000,100000,95642.0898,100000,100000,100000,100000,98132.3242,95642.0898,100000,96264.6484,96264.6484,96264.6484,96264.6484,100000
1,4,1.03077641,1.10355339,1556.39648,5291.74805,15563.9648,100000,95642.0898,100000,100000,100000,100000,95642.0898,100000,100000,100000,100000,100000,95642.0898,100000,100000,94708.252,94708.252,94708.252,95642.0898,100000,96264.6484,96264.6484,96264.6484,94708.252,100000
1,3,0.75,0.75,1152.22186,2708.61834,6569.45854,100000,95642.0898,100000,100000,100000,100000,95642.0898,100000,100000,100000,100000,100000,95642.0898,100000,100000,94708.252,94708.252,94708.252,95642.0898,100000,96264.6484,93556.0301,93556.0301,93556.0301,100000
1,2,0.5,0.5,1245.11719,1245.11719,2490.23438,100000,95642.0898,100000,100000,100000,100000,95642.0898,100000,100000,100000,100000,100000,95642.0898,100000,98754.8828,94708.252,94708.252,94708.252,95642.0898,98754.8828,96264.6484,93556.0301,93556.0301,93556.0301,100000
1,3,0.75,0.75,1593.01758,2838.13477,6024.16992,100000,95642.0898,100000,100000,100000,100000,95642.0898,100000,100000,97161.8652,100000,100000,95642.0898,100000,97161.8652,94708.252,94708.252,94708.252,95642.0898,97161.8652,96264.6484,93556.0301,93556.0301,93556.0301,100000
1,4,1,1.20710678,3014.76419,4571.16067,14549.2911,100000,95642.0898,100000,100000,100000,100000,95642.0898,100000,100000,97161.8652,100000,100000,95642.0898,100000,97161.8652,94708.252,91693.4878,91693.4878,91693.4878,97161.8652,91693.4878,93556.0301,93556.0301,93556.0301,100000
1,4,0.790569415,1.35355339,1208.84969,9515.36193,26916.8007,100000,95642.0898,100000,100000,100000,100000,95642.0898,100000,100000,97161.8652,100000,90484.6381,95642.0898,90484.6381,97161.8652,94708.252,90484.6381,91693.4878,91693.4878,90484.6381,91693.4878,93556.0301,93556.0301,93556.0301,100000
1,4,0.901387819,1.10355339,1424.86796,6582.31973,15137.1653,100000,95642.0898,100000,100000,100000,100000,95642.0898,100000,100000,97161.8652,100000,89059.7701,89059.7701,90484.6381,97161.8652,94708.252,90484.6381,91693.4878,89059.7701,90484.6381,91693.4878,93556.0301,93556.0301,89059.7701,100000
1,3,0.790569415,1,1756.2326,4827.62462,11411.4818,100000,95642.0898,100000,100000,100000,100000,95642.0898,100000,100000,97161.8652,100000,89059.7701,89059.7701,90484.6381,97161.8652,94708.252,88728.4055,91693.4878,89059.7701,90484.6381,91693.4878,88728.4055,88728.4055,89059.7701,100000
1,4,1.25,1.45710678,3449.98017,7807.89033,24035.5164,100000,92192.1097,92192.1097,100000,100000,100000,95642.0898,100000,92192.1097,97161.8652,100000,89059.7701,89059.7701,90484.6381,92192.1097,94708.252,88728.4055,91693.4878,89059.7701,90484.6381,91693.4878,88728.4055,88728.4055,89059.7701,100000
0,0,0.559016994,0,3111.66865,3111.66865,3111.66865,100000,92192.1097,92192.1097,100000,100000,100000,95642.0898,100000,92192.1097,97161.8652,100000,89059.7701,89059.7701,90484.6381,92192.1097,94708.252,88728.4055,88581.8191,89059.7701,90484.6381,91693.4878,88728.4055,88728.4055,89059.7701,100000
1,4,1,1,2032.61574,4997.69803,11426.9099,100000,92192.1097,92192.1097,100000,100000,100000,95642.0898,100000,92192.1097,97161.8652,100000,89059.7701,89059.7701,90484.6381,92192.1097,94708.252,88728.4055,88581.8191,89059.7701,90484.6381,86695.7897,86695.7897,86695.7897,86695.7897,100000
1,3,0.559016994,0.75,1340.83808,3243.65704,6403.28421,100000,92192.1097,92192.1097,100000,100000,100000,95642.0898,100000,92192.1097,97161.8652,100000,89059.7701,89059.7701,90484.6381,92192.1097,94708.252,88728.4055,87240.981,87240.981,87240.981,86695.7897,86695.7897,86695.7897,86695.7897,100000
1,1,0.25,0.25,622.997728,622.997728,622.997728,100000,92192.1097,92192.1097,100000,100000,100000,95642.0898,100000,92192.1097,97161.8652,100000,89059.7701,89059.7701,90484.6381,92192.1097,94708.252,88728.4055,87240.981,87240.981,86617.9833,86695.7897,86695.7897,86695.7897,86695.7897,100000
1,1,0.25,0.25,623.835573,623.835573,623.835573,100000,92192.1097,92192.1097,100000,100000,100000,95642.0898,100000,92192.1097,97161.8652,100000,89059.7701,89059.7701,90484.6381,92192.1097,94708.252,88728.4055,87240.981,87240.981,85994.1477,86695.7897,86695.7897,86695.7897,86695.7897,100000
1,3,1.25,1.40138782,5468.75,9826.66016,25122.0703,100000,92192.1097,92192.1097,100000,100000,90173.3398,90173.3398,90173.3398,92192.1097,97161.8652,100000,89059.7701,89059.7701,90484.6381,92192.1097,94708.252,88728.4055,87240.981,87240.981,85994.1477,86695.7897,86695.7897,86695.7897,86695.7897,100000
1,1,0.5,0.5,2492.7432,2492.7432,2492.7432,100000,92192.1097,92192.1097,100000,100000,90173.3398,90173.3398,90173.3398,92192.1097,97161.8652,100000,89059.7701,89059.7701,90484.6381,89699.3665,94708.252,88728.4055,87240.981,87240.981,85994.1477,86695.7897,86695.7897,86695.7897,86695.7897,100000
1,4,1.41421356,1.85355339,4789.76592,12597.6562,39744.5999,87402.3438,92192.1097,87402.3438,87402.3438,100000,90173.3398,90173.3398,90173.3398,92192.1097,87402.3438,100000,89059.7701,89059.7701,90484.6381,89699.3665,94708.252,88728.4055,87240.981,87240.981,85994.1477,86695.7897,86695.7897,86695.7897,86695.7897,100000
1,1,0.25,0.25,624.395947,624.395947,624.395947,87402.3438,92192.1097,87402.3438,87402.3438,100000,90173.3398,90173.3398,90173.3398,92192.1097,87402.3438,100000,89059.7701,89059.7701,90484.6381,89699.3665,94708.252,88728.4055,87240.981,87240.981,85994.1477,86695.7897,86695.7897,86695.7897,86071.3938,100000
1,2,0.707106781,0.809016994,2641.78761,4066.65557,6708.44319,87402.3438,92192.1097,87402.3438,87402.3438,100000,90173.3398,90173.3398,90173.3398,92192.1097,87402.3438,100000,89059.7701,86417.9825,86417.9825,89699.3665,94708.252,88728.4055,87240.981,87240.981,85994.1477,86695.7897,86695.7897,86695.7897,86071.3938,100000
1,1,0.5,0.5,2491.04076,2491.04076,2491.04076,87402.3438,92192.1097,87402.3438,87402.3438,100000,90173.3398,90173.3398,90173.3398,92192.1097,87402.3438,100000,89059.7701,86417.9825,86417.9825,87208.3257,94708.252,88728.4055,87240.981,87240.981,85994.1477,86695.7897,86695.7897,86695.7897,86071.3938,100000
1,1,1.11803399,1.11803399,12438.9648,12438.9648,12438.9648,87402.3438,92192.1097,87402.3438,87402.3438,100000,90173.3398,90173.3398,90173.3398,92192.1097,87402.3438,87561.0352,89059.7701,86417.9825,86417.9825,87208.3257,94708.252,88728.4055,87240.981,87240.981,85994.1477,86695.7897,86695.7897,86695.7897,86071.3938,100000
1,3,0.901387819,0.957106781,2600.4976,4419.28669,9620.2819,87402.3438,92192.1097,87402.3438,87402.3438,100000,90173.3398,90173.3398,90173.3398,92192.1097,87402.3438,87561.0352,84640.4834,86417.9825,86417.9825,87208.3257,94708.252,88728.4055,84640.4834,84640.4834,85994.1477,86695.7897,86695.7897,86695.7897,86071.3938,100000
1,4,1.11803399,1.30901699,2058.9748,10695.833,18986.7947,87402.3438,92192.1097,87402.3438,87402.3438,100000,90173.3398,90173.3398,90173.3398,92192.1097,87402.3438,84012.419,84640.4834,86417.9825,86417.9825,87208.3257,84012.419,88728.4055,84640.4834,84640.4834,85994.1477,86695.7897,86695.7897,84012.419,84012.419,100000
1,2,1.03077641,1.25,1968.4732,14566.1294,16534.6026,87402.3438,92192.1097,87402.3438,85433.8706,85433.8706,90173.3398,90173.3398,90173.3398,92192.1097,87402.3438,84012.419,84640.4834,86417.9825,86417.9825,87208.3257,84012.419,88728.4055,84640.4834,84640.4834,85994.1477,86695.7897,86695.7897,84012.419,84012.419,100000
1,4,0.901387819,1.10355339,1973.42924,3750.92831,12802.3794,87402.3438,92192.1097,87402.3438,85433.8706,85433.8706,90173.3398,90173.3398,90173.3398,92192.1097,87402.3438,84012.419,82667.0542,82667.0542,82667.0542,87208.3257,84012.419,88728.4055,84640.4834,84640.4834,82667.0542,86695.7897,86695.7897,84012.419,84012.419,100000
1,4,1.25,1.54056942,6637.51513,8656.28496,28568.8303,87402.3438,92192.1097,87402.3438,85433.8706,85433.8706,83535.8247,83535.8247,83535.8247,83535.8247,87402.3438,84012.419,82667.0542,82667.0542,82667.0542,87208.3257,84012.419,88728.4055,84640.4834,84640.4834,82667.0542,86695.7897,86695.7897,84012.419,84012.419,100000
1,3,0.75,0.75,1465.15826,4148.529,7078.84551,87402.3438,92192.1097,87402.3438,85433.8706,85433.8706,83535.8247,83535.8247,83535.8247,83535.8247,87402.3438,84012.419,82667.0542,82667.0542,82667.0542,87208.3257,84012.419,88728.4055,84640.4834,84640.4834,82667.0542,86695.7897,82547.2607,82547.2607,82547.2607,100000
1,2,0.75,0.75,3076.1014,3270.11943,6346.22083,87402.3438,92192.1097,87402.3438,85433.8706,85433.8706,83535.8247,83535.8247,83535.8247,83535.8247,84132.2243,84012.419,82667.0542,82667.0542,82667.0542,84132.2243,84012.419,88728.4055,84640.4834,84640.4834,82667.0542,86695.7897,82547.2607,82547.2607,82547.2607,100000
1,2,0.559016994,0.603553391,1870.10834,1870.10834,3740.21667,87402.3438,92192.1097,87402.3438,85433.8706,85433.8706,83535.8247,83535.8247,83535.8247,83535.8247,84132.2243,84012.419,82667.0542,82667.0542,82667.0542,84132.2243,84012.419,88728.4055,82770.3751,82770.3751,82667.0542,86695.7897,82547.2607,82547.2607,82547.2607,100000
1,4,1.25,1.41257038,2911.88193,9093.02667,20282.3947,87402.3438,92192.1097,87402.3438,85433.8706,85433.8706,79635.3788,83535.8247,83535.8247,83535.8247,84132.2243,79635.3788,82667.0542,82667.0542,82667.0542,84132.2243,84012.419,79635.3788,82770.3751,82770.3751,82667.0542,86695.7897,82547.2607,82547.2607,79635.3788,100000
1,4,1.41421356,1.56066017,3399.99939,12925.0549,27963.6635,79267.0548,79267.0548,87402.3438,85433.8706,85433.8706,79635.3788,83535.8247,83535.8247,83535.8247,84132.2243,79635.3788,82667.0542,82667.0542,79267.0548,84132.2243,84012.419,79635.3788,82770.3751,79267.0548,82667.0542,86695.7897,82547.2607,82547.2607,79635.3788,100000
1,1,0.25,0.25,625.653975,625.653975,625.653975,79267.0548,79267.0548,87402.3438,85433.8706,85433.8706,79635.3788,83535.8247,83535.8247,83535.8247,84132.2243,79635.3788,82667.0542,82667.0542,79267.0548,84132.2243,84012.419,79635.3788,82770.3751,79267.0548,82041.4002,86695.7897,82547.2607,82547.2607,79635.3788,100000
1,3,0.559016994,0.75,870.853873,5736.0234,10252.0766,79267.0548,79267.0548,87402.3438,85433.8706,85433.8706,79635.3788,83535.8247,83535.8247,83535.8247,84132.2243,79635.3788,82667.0542,82667.0542,78396.2009,78396.2009,84012.419,79635.3788,82770.3751,79267.0548,78396.2009,86695.7897,82547.2607,82547.2607,79635.3788,100000
1,1,0.5,0.5,2488.91277,2488.91277,2488.91277,79267.0548,79267.0548,87402.3438,85433.8706,85433.8706,79635.3788,83535.8247,83535.8247,83535.8247,84132.2243,79635.3788,82667.0542,82667.0542,78396.2009,78396.2009,84012.419,79635.3788,82770.3751,79267.0548,78396.2009,86695.7897,82547.2607,80058.348,79635.3788,100000
1,2,0.5,0.5,1244.08034,1244.08034,2488.16067,79267.0548,79267.0548,87402.3438,85433.8706,85433.8706,79635.3788,83535.8247,83535.8247,83535.8247,84132.2243,79635.3788,82667.0542,82667.0542,78396.2009,77152.1206,84012.419,79635.3788,82770.3751,79267.0548,77152.1206,86695.7897,82547.2607,80058.348,79635.3788,100000
1,4,1.11803399,1.20710678,2313.62551,5448.6218,15421.1737,79267.0548,79267.0548,87402.3438,85433.8706,85433.8706,79635.3788,83535.8247,83535.8247,83535.8247,84132.2243,77321.7533,77321.7533,82667.0542,78396.2009,77152.1206,84012.419,79635.3788,77321.7533,79267.0548,77152.1206,86695.7897,82547.2607,80058.348,77321.7533,100000
1,1,0.707106781,0.707106781,4974.95822,4974.95822,4974.95822,79267.0548,79267.0548,87402.3438,85433.8706,85433.8706,79635.3788,83535.8247,83535.8247,83535.8247,84132.2243,77321.7533,77321.7533,77692.096,78396.2009,77152.1206,84012.419,79635.3788,77321.7533,79267.0548,77152.1206,86695.7897,82547.2607,80058.348,77321.7533,100000
1,1,0.75,0.75,5597.17557,5597.17557,5597.17557,79267.0548,79267.0548,87402.3438,85433.8706,85433.8706,79635.3788,83535.8247,83535.8247,83535.8247,78535.0488,77321.7533,77321.7533,77692.096,78396.2009,77152.1206,84012.419,79635.3788,77321.7533,79267.0548,77152.1206,86695.7897,82547.2607,80058.348,77321.7533,100000
1,2,0.901387819,0.912570385,2349.24158,6618.0115,8967.25309,79267.0548,79267.0548,87402.3438,85433.8706,85433.8706,79635.3788,83535.8247,76917.8132,83535.8247,78535.0488,77321.7533,77321.7533,77692.096,78396.2009,77152.1206,84012.419,79635.3788,77321.7533,76917.8132,77152.1206,86695.7897,82547.2607,80058.348,77321.7533,100000
1,2,0.75,1.04056942,2914.38657,7915.16254,10829.5491,79267.0548,79267.0548,87402.3438,85433.8706,85433.8706,79635.3788,83535.8247,76917.8132,75620.6622,75620.6622,77321.7533,77321.7533,77692.096,78396.2009,77152.1206,84012.419,79635.3788,77321.7533,76917.8132,77152.1206,86695.7897,82547.2607,80058.348,77321.7533,100000
1,2,1,1,1464.09379,9745.84375,11209.9375,79267.0548,79267.0548,87402.3438,85433.8706,75688.0268,79635.3788,83535.8247,76917.8132,75620.6622,75620.6622,77321.7533,77321.7533,77692.096,78396.2009,77152.1206,84012.419,79635.3788,77321.7533,76917.8132,75688.0268,86695.7897,82547.2607,80058.348,77321.7533,100000
1,1,1.11803399,1.11803399,12440.3238,12440.3238,12440.3238,79267.0548,79267.0548,74962.0199,85433.8706,75688.0268,79635.3788,83535.8247,76917.8132,75620.6622,75620.6622,77321.7533,77321.7533,77692.096,78396.2009,77152.1206,84012.419,79635.3788,77321.7533,76917.8132,75688.0268,86695.7897,82547.2607,80058.348,77321.7533,100000
1,1,0.5,0.5,2492.05063,2492.05063,2492.05063,79267.0548,79267.0548,74962.0199,85433.8706,75688.0268,79635.3788,83535.8247,76917.8132,75620.6622,75620.6622,77321.7533,77321.7533,77692.096,78396.2009,77152.1206,84012.419,79635.3788,77321.7533,76917.8132,75688.0268,86695.7897,82547.2607,77566.2973,77321.7533,100000
1,4,1.11803399,1.35355339,1802.67553,12274.5262,23072.527,79267.0548,79267.0548,73159.3444,73159.3444,75688.0268,79635.3788,83535.8247,76917.8132,75620.6622,75620.6622,77321.7533,77321.7533,77692.096,73159.3444,77152.1206,84012.419,79635.3788,77321.7533,73159.3444,75688.0268,86695.7897,82547.2607,77566.2973,77321.7533,100000
1,4,1.06066017,1.5,2433.19168,8647.26311,23485.9711,79267.0548,79267.0548,73159.3444,73159.3444,75688.0268,79635.3788,74888.5616,76917.8132,75620.6622,75620.6622,77321.7533,77321.7533,77692.096,73159.3444,77152.1206,84012.419,74888.5616,77321.7533,73159.3444,75688.0268,86695.7897,74888.5616,77566.2973,74888.5616,100000
1,4,1,1,2196.25434,3727.71275,10451.205,79267.0548,79267.0548,73159.3444,73159.3444,73424.4078,79635.3788,74888.5616,76917.8132,75620.6622,73424.4078,77321.7533,77321.7533,77692.096,73159.3444,73424.4078,84012.419,74888.5616,77321.7533,73159.3444,73424.4078,86695.7897,74888.5616,77566.2973,74888.5616,100000
1,4,0.901387819,1.10355339,1587.69051,4391.22487,14020.6798,79267.0548,79267.0548,73159.3444,73159.3444,73424.4078,79635.3788,74888.5616,76917.8132,75620.6622,73424.4078,77321.7533,73300.8711,73300.8711,73159.3444,73424.4078,84012.419,74888.5616,73300.8711,73159.3444,73424.4078,86695.7897,74888.5616,77566.2973,73300.8711,100000
1,4,1.11803399,1.20710678,2991.74565,6750.21447,15990.5149,79267.0548,79267.0548,70167.5987,73159.3444,73424.4078,79635.3788,74888.5616,70167.5987,75620.6622,73424.4078,77321.7533,73300.8711,73300.8711,70167.5987,73424.4078,84012.419,74888.5616,73300.8711,73159.3444,70167.5987,86695.7897,74888.5616,77566.2973,73300.8711,100000
1,2,0.75,0.75,1526.65891,4204.39463,5731.05354,79267.0548,79267.0548,70167.5987,73159.3444,73424.4078,79635.3788,74888.5616,70167.5987,75620.6622,73424.4078,77321.7533,73300.8711,73300.8711,70167.5987,73424.4078,84012.419,74888.5616,73300.8711,73159.3444,70167.5987,86695.7897,73361.9027,73361.9027,73300.8711,100000
1,4,0.901387819,1.10355339,1387.59167,4520.86403,14950.1838,79267.0548,79267.0548,70167.5987,73159.3444,73424.4078,79635.3788,74888.5616,68780.0071,75620.6622,73424.4078,77321.7533,73300.8711,68780.0071,70167.5987,73424.4078,84012.419,74888.5616,68780.0071,73159.3444,70167.5987,86695.7897,73361.9027,73361.9027,68780.0071,100000
1,2,0.559016994,0.603553391,916.495736,3908.24139,4824.73712,79267.0548,79267.0548,70167.5987,73159.3444,73424.4078,79635.3788,74888.5616,68780.0071,75620.6622,73424.4078,77321.7533,73300.8711,68780.0071,69251.103,73424.4078,84012.419,74888.5616,68780.0071,69251.103,70167.5987,86695.7897,73361.9027,73361.9027,68780.0071,100000
1,3,1,1,3737.54615,3737.54615,11212.6385,79267.0548,79267.0548,70167.5987,73159.3444,69686.8617,79635.3788,74888.5616,68780.0071,75620.6622,69686.8617,77321.7533,73300.8711,68780.0071,69251.103,69686.8617,84012.419,74888.5616,68780.0071,69251.103,70167.5987,86695.7897,73361.9027,73361.9027,68780.0071,100000
1,3,1.03077641,1.05901699,1509.2687,6962.33214,12972.6152,79267.0548,79267.0548,70167.5987,68658.33,69686.8617,79635.3788,74888.5616,68780.0071,68658.33,69686.8617,77321.7533,73300.8711,68780.0071,69251.103,69686.8617,84012.419,74888.5616,68780.0071,69251.103,68658.33,86695.7897,73361.9027,73361.9027,68780.0071,100000
1,2,0.75,1.25,1817.92801,15151.815,16969.743,79267.0548,79267.0548,70167.5987,68658.33,69686.8617,79635.3788,74888.5616,68780.0071,68658.33,69686.8617,77321.7533,73300.8711,68780.0071,69251.103,69686.8617,84012.419,74888.5616,68780.0071,69251.103,68658.33,71543.9747,71543.9747,73361.9027,68780.0071,100000
1,2,0.5,0.5,919.501966,1948.03361,2867.53557,79267.0548,79267.0548,70167.5987,68658.33,69686.8617,79635.3788,74888.5616,68780.0071,68658.33,69686.8617,77321.7533,73300.8711,68780.0071,69251.103,67738.8281,84012.419,74888.5616,68780.0071,69251.103,67738.8281,71543.9747,71543.9747,73361.9027,68780.0071,100000
1,4,1.11803399,2.1343298,4316.95188,18161.7721,49679.8639,79267.0548,65850.6469,65850.6469,68658.33,69686.8617,65850.6469,74888.5616,68780.0071,68658.33,69686.8617,77321.7533,73300.8711,68780.0071,69251.103,67738.8281,65850.6469,74888.5616,68780.0071,69251.103,67738.8281,71543.9747,71543.9747,73361.9027,68780.0071,100000
1,4,1,1,1854.45994,3802.49355,11313.907,79267.0548,65850.6469,65850.6469,68658.33,65884.3681,65850.6469,74888.5616,68780.0071,68658.33,65884.3681,77321.7533,73300.8711,68780.0071,69251.103,65884.3681,65850.6469,74888.5616,68780.0071,69251.103,65884.3681,71543.9747,71543.9747,73361.9027,68780.0071,100000
1,4,1.11803399,1.20710678,1704.14272,5104.59886,16546.8433,79267.0548,65850.6469,64146.5041,68658.33,65884.3681,65850.6469,74888.5616,64146.5041,68658.33,65884.3681,77321.7533,73300.8711,68780.0071,64146.5041,65884.3681,65850.6469,74888.5616,68780.0071,64146.5041,65884.3681,71543.9747,71543.9747,73361.9027,68780.0071,100000
1,4,1.03077641,1.10355339,2036.81464,4810.77654,13695.1824,79267.0548,65850.6469,64146.5041,63847.5535,65884.3681,65850.6469,74888.5616,64146.5041,63847.5535,65884.3681,77321.7533,73300.8711,68780.0071,64146.5041,63847.5535,65850.6469,74888.5616,68780.0071,64146.5041,63847.5535,71543.9747,71543.9747,73361.9027,68780.0071,100000
1,3,0.75,0.75,1509.93907,3546.7537,6566.63184,79267.0548,65850.6469,64146.5041,63847.5535,65884.3681,65850.6469,74888.5616,64146.5041,63847.5535,62337.6144,77321.7533,73300.8711,68780.0071,64146.5041,62337.6144,65850.6469,74888.5616,68780.0071,64146.5041,62337.6144,71543.9747,71543.9747,73361.9027,68780.0071,100000
1,2,0.75,0.75,1895.14679,3713.0748,5608.22159,79267.0548,65850.6469,64146.5041,63847.5535,65884.3681,65850.6469,74888.5616,64146.5041,63847.5535,62337.6144,77321.7533,73300.8711,68780.0071,64146.5041,62337.6144,65850.6469,74888.5616,68780.0071,64146.5041,62337.6144,71543.9747,69648.8279,69648.8279,68780.0071,100000
1,4,0.790569415,1,1870.53379,6802.98736,13012.4901,79267.0548,65850.6469,64146.5041,63847.5535,65884.3681,65850.6469,74888.5616,64146.5041,61977.0197,62337.6144,77321.7533,73300.8711,68780.0071,61977.0197,62337.6144,65850.6469,74888.5616,68780.0071,61977.0197,62337.6144,71543.9747,69648.8279,69648.8279,61977.0197,100000
1,3,0.75,0.75,1871.95473,1871.95473,5615.86419,79267.0548,65850.6469,64146.5041,63847.5535,65884.3681,65850.6469,74888.5616,64146.5041,61977.0197,60465.6597,77321.7533,73300.8711,68780.0071,61977.0197,60465.6597,65850.6469,74888.5616,68780.0071,61977.0197,60465.6597,71543.9747,69648.8279,69648.8279,61977.0197,100000
1,3,1.03077641,1.10355339,1511.2209,10549.1356,17369.7585,79267.0548,65850.6469,64146.5041,63847.5535,65884.3681,65850.6469,74888.5616,64146.5041,61977.0197,60465.6597,77321.7533,73300.8711,68780.0071,61977.0197,60465.6597,64339.426,64339.426,68780.0071,61977.0197,60465.6597,71543.9747,69648.8279,64339.426,61977.0197,100000
1,4,1.11803399,1.30901699,2584.02666,7217.52957,19603.1125,79267.0548,65850.6469,61562.4775,63847.5535,65884.3681,65850.6469,74888.5616,61562.4775,61977.0197,60465.6597,77321.7533,73300.8711,61562.4775,61977.0197,60465.6597,64339.426,64339.426,61562.4775,61977.0197,60465.6597,71543.9747,69648.8279,64339.426,61977.0197,100000
1,3,1.41421356,1.50494121,9380.19679,15346.3805,35694.4646,63920.6743,65850.6469,61562.4775,63847.5535,65884.3681,65850.6469,63920.6743,61562.4775,61977.0197,60465.6597,77321.7533,63920.6743,61562.4775,61977.0197,60465.6597,64339.426,64339.426,61562.4775,61977.0197,60465.6597,71543.9747,69648.8279,64339.426,61977.0197,100000
1,4,0.901387819,1.10355339,2788.04677,3202.58898,12395.8137,63920.6743,65850.6469,61562.4775,63847.5535,65884.3681,65850.6469,63920.6743,58774.4307,58774.4307,60465.6597,77321.7533,63920.6743,61562.4775,58774.4307,60465.6597,64339.426,64339.426,61562.4775,58774.4307,60465.6597,71543.9747,69648.8279,64339.426,61977.0197,100000
1,4,0.790569415,1,1499.49414,3190.72312,11071.6635,63920.6743,65850.6469,61562.4775,63847.5535,65884.3681,65850.6469,63920.6743,58774.4307,57274.9366,57274.9366,77321.7533,63920.6743,61562.4775,58774.4307,57274.9366,64339.426,64339.426,61562.4775,58774.4307,57274.9366,71543.9747,69648.8279,64339.426,61977.0197,100000
1,3,0.75,0.75,1866.74903,1866.74903,5600.24709,63920.6743,65850.6469,61562.4775,63847.5535,65884.3681,65850.6469,63920.6743,58774.4307,57274.9366,55408.1875,77321.7533,63920.6743,61562.4775,58774.4307,55408.1875,64339.426,64339.426,61562.4775,58774.4307,55408.1875,71543.9747,69648.8279,64339.426,61977.0197,100000
1,1,0.75,0.75,5602.85371,5602.85371,5602.85371,63920.6743,65850.6469,61562.4775,63847.5535,65884.3681,65850.6469,63920.6743,58774.4307,57274.9366,55408.1875,77321.7533,63920.6743,61562.4775,58774.4307,55408.1875,64339.426,64339.426,61562.4775,58774.4307,55408.1875,71543.9747,64045.9742,64339.426,61977.0197,100000
1,1,0.25,0.25,627.940996,627.940996,627.940996,63920.6743,65850.6469,61562.4775,63847.5535,65884.3681,65850.6469,63920.6743,58774.4307,57274.9366,55408.1875,77321.7533,63920.6743,61562.4775,58774.4307,55408.1875,64339.426,64339.426,61562.4775,58774.4307,55408.1875,71543.9747,64045.9742,64339.426,61349.0787,100000
1,3,1.25,1.72158738,6253.88223,17724.9887,30232.7531,63920.6743,59596.7646,61562.4775,63847.5535,65884.3681,59596.7646,63920.6743,58774.4307,57274.9366,55408.1875,59596.7646,63920.6743,61562.4775,58774.4307,55408.1875,64339.426,64339.426,61562.4775,58774.4307,55408.1875,71543.9747,64045.9742,64339.426,61349.0787,100000
1,4,1.11803399,1.5,1811.47392,13758.684,28678.4284,63920.6743,59596.7646,61562.4775,63847.5535,65884.3681,59596.7646,63920.6743,58774.4307,57274.9366,55408.1875,57785.2907,63920.6743,61562.4775,58774.4307,55408.1875,57785.2907,64339.426,61562.4775,58774.4307,55408.1875,57785.2907,64045.9742,57785.2907,61349.0787,100000
1,4,1.11803399,1.35355339,4791.55849,5004.95728,19806.4303,63920.6743,59596.7646,56557.5202,63847.5535,65884.3681,59596.7646,63920.6743,58774.4307,57274.9366,55408.1875,57785.2907,63920.6743,56557.5202,58774.4307,55408.1875,57785.2907,64339.426,56557.5202,58774.4307,55408.1875,57785.2907,64045.9742,57785.2907,56557.5202,100000
1,4,0.75,1.10355339,1460.95807,4827.20124,14443.0677,63920.6743,59596.7646,56557.5202,63847.5535,65884.3681,59596.7646,63920.6743,58774.4307,53947.2295,53947.2295,57785.2907,63920.6743,56557.5202,53947.2295,55408.1875,57785.2907,64339.426,56557.5202,53947.2295,55408.1875,57785.2907,64045.9742,57785.2907,56557.5202,100000
1,2,0.353553391,0.5,763.901199,3374.19194,4138.09314,63920.6743,59596.7646,56557.5202,63847.5535,65884.3681,59596.7646,63920.6743,58774.4307,53947.2295,53947.2295,57785.2907,63920.6743,56557.5202,53947.2295,55408.1875,57785.2907,64339.426,56557.5202,53183.3283,55408.1875,57785.2907,64045.9742,57785.2907,53183.3283,100000
1,2,1,1,1953.92157,8214.60506,10168.5266,63920.6743,59596.7646,56557.5202,63847.5535,65884.3681,59596.7646,63920.6743,58774.4307,53947.2295,53947.2295,57785.2907,63920.6743,56557.5202,53947.2295,55408.1875,57785.2907,64339.426,56557.5202,53183.3283,55408.1875,55831.3691,55831.3691,57785.2907,53183.3283,100000
1,3,0.559016994,0.75,1178.77857,2639.73664,6458.25186,63920.6743,59596.7646,56557.5202,63847.5535,65884.3681,59596.7646,63920.6743,58774.4307,53947.2295,53947.2295,57785.2907,63920.6743,56557.5202,52768.4509,52768.4509,57785.2907,64339.426,56557.5202,53183.3283,52768.4509,55831.3691,55831.3691,57785.2907,53183.3283,100000
1,4,0.559016994,1.25,1591.04094,6607.88074,18959.1422,63920.6743,59596.7646,56557.5202,63847.5535,65884.3681,59596.7646,63920.6743,58774.4307,53947.2295,53947.2295,57785.2907,63920.6743,51177.41,51177.41,52768.4509,57785.2907,64339.426,51177.41,53183.3283,52768.4509,55831.3691,55831.3691,51177.41,53183.3283,100000
1,3,1,1.29056942,2262.69709,10770.7539,17250.0697,63920.6743,59596.7646,56557.5202,63847.5535,65884.3681,59596.7646,63920.6743,58774.4307,53947.2295,53947.2295,57785.2907,63920.6743,51177.41,51177.41,52768.4509,53568.672,53568.672,51177.41,53183.3283,52768.4509,53568.672,55831.3691,51177.41,53183.3283,100000
1,2,0.5,0.5,799.647031,2805.56534,3605.21238,63920.6743,59596.7646,56557.5202,63847.5535,65884.3681,59596.7646,63920.6743,58774.4307,53947.2295,53947.2295,57785.2907,63920.6743,51177.41,51177.41,52768.4509,53568.672,53568.672,51177.41,53183.3283,52768.4509,53568.672,55831.3691,50377.7629,50377.7629,100000
1,2,0.5,0.5,1249.64349,1249.64349,2499.28698,63920.6743,59596.7646,56557.5202,63847.5535,65884.3681,59596.7646,63920.6743,58774.4307,53947.2295,53947.2295,57785.2907,63920.6743,51177.41,51177.41,51518.8074,53568.672,53568.672,51177.41,53183.3283,51518.8074,53568.672,55831.3691,50377.7629,50377.7629,100000
1,3,1.41421356,1.50494121,9956.39409,9956.39409,29869.1823,53964.2802,59596.7646,56557.5202,63847.5535,65884.3681,59596.7646,53964.2802,58774.4307,53947.2295,53947.2295,57785.2907,53964.2802,51177.41,51177.41,51518.8074,53568.672,53568.672,51177.41,53183.3283,51518.8074,53568.672,55831.3691,50377.7629,50377.7629,100000
1,2,0.75,1.25,2127.06972,14064.2084,16191.2781,53964.2802,59596.7646,56557.5202,63847.5535,51820.1598,59596.7646,53964.2802,58774.4307,53947.2295,51820.1598,57785.2907,53964.2802,51177.41,51177.41,51518.8074,53568.672,53568.672,51177.41,53183.3283,51518.8074,53568.672,55831.3691,50377.7629,50377.7629,100000
1,2,1.11803399,1.28077641,4846.60391,12136.6372,16983.2411,53964.2802,59596.7646,51710.9163,51710.9163,51820.1598,59596.7646,53964.2802,58774.4307,53947.2295,51820.1598,57785.2907,53964.2802,51177.41,51177.41,51518.8074,53568.672,53568.672,51177.41,53183.3283,51518.8074,53568.672,55831.3691,50377.7629,50377.7629,100000
1,2,0.559016994,0.603553391,1049.53673,3055.45504,4104.99177,53964.2802,59596.7646,51710.9163,51710.9163,51820.1598,59596.7646,53964.2802,58774.4307,53947.2295,51820.1598,57785.2907,53964.2802,51177.41,50127.8732,51518.8074,53568.672,53568.672,51177.41,50127.8732,51518.8074,53568.672,55831.3691,50377.7629,50377.7629,100000
1,3,0.75,0.75,1779.80397,2081.15632,5640.76426,53964.2802,59596.7646,51710.9163,51710.9163,51820.1598,59596.7646,53964.2802,58774.4307,53947.2295,49739.0034,57785.2907,53964.2802,51177.41,50127.8732,49739.0034,53568.672,53568.672,51177.41,50127.8732,49739.0034,53568.672,55831.3691,50377.7629,50377.7629,100000
1,3,0.75,0.75,1870.06995,1870.06995,5610.20986,53964.2802,59596.7646,51710.9163,51710.9163,51820.1598,59596.7646,53964.2802,58774.4307,53947.2295,47868.9335,57785.2907,53964.2802,51177.41,50127.8732,47868.9335,53568.672,53568.672,51177.41,50127.8732,47868.9335,53568.672,55831.3691,50377.7629,50377.7629,100000
1,4,0.75,1.10355339,1484.21742,7562.51341,16533.0452,53964.2802,59596.7646,51710.9163,51710.9163,51820.1598,59596.7646,53964.2802,58774.4307,46384.7161,46384.7161,57785.2907,53964.2802,51177.41,46384.7161,47868.9335,53568.672,53568.672,51177.41,46384.7161,47868.9335,53568.672,55831.3691,50377.7629,50377.7629,100000
1,3,1.41421356,1.50494121,5586.14619,11218.6306,27201.0735,48378.134,48378.134,51710.9163,51710.9163,51820.1598,59596.7646,53964.2802,48378.134,46384.7161,46384.7161,57785.2907,53964.2802,51177.41,46384.7161,47868.9335,53568.672,53568.672,51177.41,46384.7161,47868.9335,53568.672,55831.3691,50377.7629,50377.7629,100000
1,3,0.75,0.75,1172.07473,2656.29215,6484.65904,48378.134,48378.134,51710.9163,51710.9163,51820.1598,59596.7646,53964.2802,48378.134,46384.7161,45212.6413,57785.2907,53964.2802,51177.41,46384.7161,45212.6413,53568.672,53568.672,51177.41,46384.7161,45212.6413,53568.672,55831.3691,50377.7629,50377.7629,100000
1,2,0.559016994,0.603553391,1418.12403,2217.77106,3635.89509,48378.134,48378.134,51710.9163,51710.9163,51820.1598,59596.7646,53964.2802,48378.134,46384.7161,45212.6413,57785.2907,53964.2802,51177.41,46384.7161,45212.6413,53568.672,53568.672,48959.6389,46384.7161,45212.6413,53568.672,55831.3691,50377.7629,48959.6389,100000
1,2,0.790569415,1,4289.67882,6552.37591,10842.0547,48378.134,48378.134,51710.9163,51710.9163,51820.1598,59596.7646,53964.2802,48378.134,46384.7161,45212.6413,57785.2907,53964.2802,51177.41,46384.7161,45212.6413,53568.672,49278.9932,48959.6389,46384.7161,45212.6413,53568.672,49278.9932,50377.7629,48959.6389,100000
1,3,1,1,1590.07588,6199.10902,10797.3848,48378.134,48378.134,51710.9163,51710.9163,51820.1598,59596.7646,53964.2802,48378.134,46384.7161,45212.6413,57785.2907,53964.2802,51177.41,46384.7161,45212.6413,53568.672,49278.9932,48959.6389,46384.7161,45212.6413,47369.563,49278.9932,47369.563,47369.563,100000
1,4,1.06066017,1.20710678,1619.81618,8214.53338,21258.775,48378.134,48378.134,51710.9163,51710.9163,51820.1598,59596.7646,45749.7468,48378.134,46384.7161,45212.6413,57785.2907,45749.7468,51177.41,46384.7161,45212.6413,53568.672,49278.9932,45749.7468,46384.7161,45212.6413,47369.563,49278.9932,47369.563,45749.7468,100000
1,4,1.41421356,1.51612378,2518.40997,15730.4585,30071.8003,43866.3061,48378.134,51710.9163,51710.9163,51820.1598,43866.3061,45749.7468,48378.134,46384.7161,45212.6413,57785.2907,45749.7468,43866.3061,46384.7161,45212.6413,53568.672,49278.9932,45749.7468,43866.3061,45212.6413,47369.563,49278.9932,47369.563,45749.7468,100000
1,4,1.06066017,1.20710678,2540.05642,5705.54911,15034.8986,43866.3061,48378.134,51710.9163,51710.9163,51820.1598,43866.3061,42672.5849,42672.5849,46384.7161,45212.6413,57785.2907,45749.7468,43866.3061,42672.5849,45212.6413,53568.672,49278.9932,45749.7468,43866.3061,42672.5849,47369.563,49278.9932,47369.563,45749.7468,100000
1,2,0.790569415,0.853553391,3414.30466,4586.3794,8000.68406,43866.3061,48378.134,51710.9163,51710.9163,51820.1598,43866.3061,42672.5849,42672.5849,41798.3367,45212.6413,57785.2907,45749.7468,43866.3061,42672.5849,41798.3367,53568.672,49278.9932,45749.7468,43866.3061,42672.5849,47369.563,49278.9932,47369.563,45749.7468,100000
1,4,1,1,1363.91118,4893.15756,12224.5235,43866.3061,48378.134,51710.9163,51710.9163,51820.1598,43866.3061,42672.5849,42672.5849,41798.3367,45212.6413,57785.2907,45749.7468,43866.3061,42672.5849,41798.3367,53568.672,49278.9932,45749.7468,43866.3061,42672.5849,44385.8357,44385.8357,44385.8357,44385.8357,100000
1,2,0.353553391,0.5,1038.8261,1558.35567,2597.18176,43866.3061,48378.134,51710.9163,51710.9163,51820.1598,43866.3061,42672.5849,42672.5849,41798.3367,45212.6413,57785.2907,45749.7468,43866.3061,42672.5849,41798.3367,53568.672,49278.9932,45749.7468,42827.48,42672.5849,44385.8357,44385.8357,44385.8357,42827.48,100000
1,2,0.353553391,0.5,1244.2554,1244.2554,2488.5108,43866.3061,48378.134,51710.9163,51710.9163,51820.1598,43866.3061,42672.5849,42672.5849,41798.3367,45212.6413,57785.2907,45749.7468,43866.3061,42672.5849,41798.3367,53568.672,49278.9932,45749.7468,41583.2246,42672.5849,44385.8357,44385.8357,44385.8357,41583.2246,100000
1,2,0.559016994,0.603553391,1870.05102,1870.05102,3740.10205,43866.3061,48378.134,51710.9163,51710.9163,51820.1598,43866.3061,42672.5849,42672.5849,41798.3367,45212.6413,57785.2907,45749.7468,43866.3061,40802.5339,41798.3367,53568.672,49278.9932,45749.7468,41583.2246,40802.5339,44385.8357,44385.8357,44385.8357,41583.2246,100000
1,3,1.41421356,1.61803399,4048.20891,17967.1935,26063.6113,39818.0972,48378.134,51710.9163,51710.9163,51820.1598,39818.0972,42672.5849,42672.5849,41798.3367,45212.6413,39818.0972,45749.7468,43866.3061,40802.5339,41798.3367,53568.672,49278.9932,45749.7468,41583.2246,40802.5339,44385.8357,44385.8357,44385.8357,41583.2246,100000
1,4,1,1.30901699,3212.98835,12395.8247,28291.8585,39818.0972,48378.134,51710.9163,51710.9163,51820.1598,39818.0972,42672.5849,42672.5849,41798.3367,45212.6413,39818.0972,45749.7468,43866.3061,40802.5339,41798.3367,41172.8473,41172.8473,41172.8473,41583.2246,40802.5339,41172.8473,44385.8357,44385.8357,41583.2246,100000
1,2,0.5,0.5,922.675563,1918.47834,2841.15391,39818.0972,48378.134,51710.9163,51710.9163,51820.1598,39818.0972,42672.5849,42672.5849,41798.3367,45212.6413,39818.0972,45749.7468,43866.3061,40802.5339,39879.8583,41172.8473,41172.8473,41172.8473,41583.2246,39879.8583,41172.8473,44385.8357,44385.8357,41583.2246,100000
1,4,1.06066017,1.30901699,2525.72439,6692.24664,18161.3912,39818.0972,48378.134,51710.9163,51710.9163,51820.1598,39818.0972,39057.5002,42672.5849,41798.3367,45212.6413,39818.0972,39057.5002,43866.3061,40802.5339,39879.8583,41172.8473,41172.8473,41172.8473,41583.2246,39879.8583,41172.8473,44385.8357,39057.5002,39057.5002,100000
1,2,0.559016994,0.603553391,1618.36631,2028.74359,3647.10991,39818.0972,48378.134,51710.9163,51710.9163,51820.1598,39818.0972,39057.5002,42672.5849,41798.3367,45212.6413,39818.0972,39057.5002,43866.3061,40802.5339,39879.8583,41172.8473,41172.8473,39554.481,39554.481,39879.8583,41172.8473,44385.8357,39057.5002,39057.5002,100000
1,3,1,1,1382.7366,6711.07206,11591.8924,39818.0972,48378.134,51710.9163,51710.9163,51820.1598,39818.0972,39057.5002,42672.5849,41798.3367,45212.6413,39818.0972,39057.5002,43866.3061,40802.5339,39879.8583,41172.8473,41172.8473,39554.481,39554.481,39879.8583,37674.7636,37674.7636,39057.5002,37674.7636,100000
1,3,0.559016994,0.75,1776.86145,2102.23878,5655.96168,39818.0972,48378.134,51710.9163,51710.9163,51820.1598,39818.0972,39057.5002,42672.5849,41798.3367,45212.6413,39818.0972,39057.5002,43866.3061,40802.5339,39879.8583,41172.8473,41172.8473,37777.6196,37777.6196,37777.6196,37674.7636,37674.7636,39057.5002,37674.7636,100000
1,4,1.25,1.45710678,3565.34376,8374.14965,23445.8626,39818.0972,48378.134,51710.9163,51710.9163,51820.1598,35492.1564,35492.1564,35492.1564,41798.3367,45212.6413,39818.0972,39057.5002,35492.1564,40802.5339,39879.8583,41172.8473,41172.8473,37777.6196,37777.6196,37777.6196,37674.7636,37674.7636,39057.5002,37674.7636,100000
1,4,1,1,2253.49538,3636.23198,10396.7181,39818.0972,48378.134,51710.9163,51710.9163,51820.1598,35492.1564,35492.1564,35492.1564,41798.3367,45212.6413,39818.0972,39057.5002,35492.1564,40802.5339,39879.8583,41172.8473,41172.8473,37777.6196,37777.6196,37777.6196,35421.2682,35421.2682,35421.2682,35421.2682,100000
1,1,0.25,0.25,622.639481,622.639481,622.639481,39818.0972,48378.134,51710.9163,51710.9163,51820.1598,35492.1564,35492.1564,35492.1564,41798.3367,45212.6413,39818.0972,39057.5002,35492.1564,40802.5339,39879.8583,41172.8473,41172.8473,37777.6196,37777.6196,37777.6196,35421.2682,35421.2682,35421.2682,34798.6287,100000
1,3,0.5,0.853553391,1279.87004,3636.22137,8552.31278,39818.0972,48378.134,51710.9163,51710.9163,51820.1598,35492.1564,35492.1564,35492.1564,41798.3367,45212.6413,39818.0972,39057.5002,35492.1564,40802.5339,39879.8583,41172.8473,41172.8473,34141.3982,34141.3982,37777.6196,35421.2682,35421.2682,34141.3982,34798.6287,100000
1,3,1.11803399,1.5,11097.1424,11206.3859,33400.6708,39818.0972,48378.134,40613.7739,40613.7739,40613.7739,35492.1564,35492.1564,35492.1564,41798.3367,45212.6413,39818.0972,39057.5002,35492.1564,40802.5339,39879.8583,41172.8473,41172.8473,34141.3982,34141.3982,37777.6196,35421.2682,35421.2682,34141.3982,34798.6287,100000
1,1,0.25,0.25,628.686164,628.686164,628.686164,39818.0972,48378.134,40613.7739,40613.7739,40613.7739,35492.1564,35492.1564,35492.1564,41798.3367,45212.6413,39818.0972,39057.5002,35492.1564,40802.5339,39879.8583,41172.8473,41172.8473,34141.3982,34141.3982,37777.6196,35421.2682,35421.2682,34141.3982,34169.9426,100000
1,2,0.5,1,2317.23786,7650.02087,9967.25873,39818.0972,48378.134,40613.7739,40613.7739,40613.7739,35492.1564,35492.1564,35492.1564,41798.3367,37562.6205,39818.0972,39057.5002,35492.1564,40802.5339,37562.6205,41172.8473,41172.8473,34141.3982,34141.3982,37777.6196,35421.2682,35421.2682,34141.3982,34169.9426,100000
1,4,1.06066017,1.56066017,1845.66146,14731.639,27864.4639,39818.0972,33646.495,40613.7739,40613.7739,40613.7739,35492.1564,33646.495,35492.1564,41798.3367,37562.6205,39818.0972,39057.5002,35492.1564,33646.495,37562.6205,41172.8473,41172.8473,34141.3982,34141.3982,33646.495,35421.2682,35421.2682,34141.3982,34169.9426,100000
1,3,1,1.29056942,2931.59422,8683.17331,20297.9408,39818.0972,33646.495,40613.7739,40613.7739,40613.7739,35492.1564,33646.495,35492.1564,41798.3367,37562.6205,39818.0972,39057.5002,35492.1564,33646.495,37562.6205,32489.674,32489.674,34141.3982,34141.3982,33646.495,32489.674,35421.2682,34141.3982,34169.9426,100000
1,2,0.353553391,0.5,1233.62474,1262.16914,2495.79388,39818.0972,33646.495,40613.7739,40613.7739,40613.7739,35492.1564,33646.495,35492.1564,41798.3367,37562.6205,39818.0972,39057.5002,35492.1564,33646.495,37562.6205,32489.674,32489.674,34141.3982,32907.7734,33646.495,32489.674,35421.2682,34141.3982,32907.7734,100000
1,4,1.11803399,1.64412281,3985.6982,10291.8784,30140.2575,39818.0972,33646.495,40613.7739,40613.7739,40613.7739,35492.1564,33646.495,31506.4582,31506.4582,37562.6205,31506.4582,31506.4582,35492.1564,33646.495,37562.6205,32489.674,32489.674,34141.3982,32907.7734,33646.495,32489.674,35421.2682,34141.3982,32907.7734,100000
1,4,0.901387819,1.10355339,1569.16931,5554.86751,13803.7274,39818.0972,33646.495,40613.7739,40613.7739,40613.7739,35492.1564,33646.495,29937.2889,31506.4582,37562.6205,31506.4582,31506.4582,29937.2889,33646.495,37562.6205,32489.674,32489.674,34141.3982,29937.2889,29937.2889,32489.674,35421.2682,34141.3982,32907.7734,100000
1,3,1.03077641,1.10355339,3800.43784,6851.59125,14452.4669,39818.0972,33646.495,40613.7739,33762.1826,40613.7739,35492.1564,33646.495,29937.2889,31506.4582,33762.1826,31506.4582,31506.4582,29937.2889,33646.495,33762.1826,32489.674,32489.674,34141.3982,29937.2889,29937.2889,32489.674,35421.2682,34141.3982,32907.7734,100000
1,2,0.559016994,0.75,3022.92728,3138.61491,6161.5422,39818.0972,33646.495,40613.7739,33762.1826,40613.7739,35492.1564,33646.495,29937.2889,31506.4582,33762.1826,31506.4582,31506.4582,29937.2889,30623.5677,30623.5677,32489.674,32489.674,34141.3982,29937.2889,29937.2889,32489.674,35421.2682,34141.3982,32907.7734,100000
1,4,0.790569415,1,1657.79831,4589.39253,11632.6111,39818.0972,33646.495,40613.7739,33762.1826,40613.7739,35492.1564,33646.495,29937.2889,31506.4582,33762.1826,31506.4582,31506.4582,29937.2889,30623.5677,30623.5677,32489.674,30831.8757,34141.3982,29937.2889,29937.2889,32489.674,30831.8757,30831.8757,30831.8757,100000
1,4,1,1,2228.90586,3886.70417,10573.4217,39818.0972,33646.495,40613.7739,33762.1826,40613.7739,35492.1564,33646.495,29937.2889,31506.4582,33762.1826,31506.4582,31506.4582,29937.2889,30623.5677,30623.5677,32489.674,30831.8757,34141.3982,29937.2889,29937.2889,28602.9698,28602.9698,28602.9698,28602.9698,100000
1,1,0.25,0.25,628.566125,628.566125,628.566125,39818.0972,33646.495,40613.7739,33762.1826,40613.7739,35492.1564,33646.495,29937.2889,31506.4582,33762.1826,31506.4582,31506.4582,29937.2889,30623.5677,30623.5677,32489.674,30831.8757,34141.3982,29937.2889,29308.7228,28602.9698,28602.9698,28602.9698,28602.9698,100000
1,1,0.25,0.25,622.524142,622.524142,622.524142,39818.0972,33646.495,40613.7739,33762.1826,40613.7739,35492.1564,33646.495,29937.2889,31506.4582,33762.1826,31506.4582,31506.4582,29937.2889,30623.5677,30623.5677,32489.674,30831.8757,34141.3982,29937.2889,28686.1987,28602.9698,28602.9698,28602.9698,28602.9698,100000
1,2,0.5,0.809016994,1166.18554,6704.61388,7870.79942,39818.0972,33646.495,40613.7739,33762.1826,40613.7739,35492.1564,33646.495,29937.2889,31506.4582,33762.1826,31506.4582,31506.4582,29937.2889,30623.5677,30623.5677,32489.674,30831.8757,27436.7843,29937.2889,28686.1987,28602.9698,28602.9698,27436.7843,28602.9698,100000
1,4,1.41421356,1.66257038,3019.24424,13695.7292,33320.5489,26918.0447,33646.495,26918.0447,33762.1826,40613.7739,35492.1564,33646.495,29937.2889,31506.4582,33762.1826,31506.4582,31506.4582,29937.2889,26918.0447,30623.5677,32489.674,30831.8757,27436.7843,26918.0447,28686.1987,28602.9698,28602.9698,27436.7843,28602.9698,100000
1,2,0.790569415,0.809016994,2151.99054,4380.8964,6532.88694,26918.0447,33646.495,26918.0447,33762.1826,40613.7739,35492.1564,33646.495,29937.2889,31506.4582,33762.1826,31506.4582,31506.4582,29937.2889,26918.0447,30623.5677,32489.674,26450.9793,27436.7843,26918.0447,28686.1987,28602.9698,28602.9698,27436.7843,26450.9793,100000
1,4,1.11803399,1.5,1642.94706,15338.6762,28879.8093,26918.0447,33646.495,25275.0976,25275.0976,25275.0976,35492.1564,33646.495,29937.2889,31506.4582,33762.1826,31506.4582,31506.4582,29937.2889,26918.0447,30623.5677,32489.674,26450.9793,27436.7843,26918.0447,25275.0976,28602.9698,28602.9698,27436.7843,26450.9793,100000
1,4,0.901387819,1.25,3413.26024,7238.15392,19733.3827,26918.0447,33646.495,25275.0976,25275.0976,25275.0976,35492.1564,33646.495,26524.0287,26524.0287,26524.0287,31506.4582,31506.4582,29937.2889,26918.0447,26524.0287,32489.674,26450.9793,27436.7843,26918.0447,25275.0976,28602.9698,28602.9698,27436.7843,26450.9793,100000
1,4,0.790569415,1,1956.70086,4108.6914,10964.599,26918.0447,33646.495,25275.0976,25275.0976,25275.0976,35492.1564,33646.495,26524.0287,26524.0287,26524.0287,31506.4582,31506.4582,29937.2889,26918.0447,26524.0287,32489.674,24494.2784,27436.7843,26918.0447,25275.0976,28602.9698,24494.2784,24494.2784,24494.2784,100000
1,3,0.75,0.75,1244.17222,2493.10328,6230.37879,26918.0447,33646.495,25275.0976,25275.0976,25275.0976,35492.1564,33646.495,26524.0287,26524.0287,24030.9254,31506.4582,31506.4582,29937.2889,26918.0447,24030.9254,32489.674,24494.2784,27436.7843,26918.0447,24030.9254,28602.9698,24494.2784,24494.2784,24494.2784,100000
1,1,0.353553391,0.353553391,1248.63977,1248.63977,1248.63977,26918.0447,33646.495,25275.0976,25275.0976,25275.0976,35492.1564,33646.495,26524.0287,26524.0287,24030.9254,31506.4582,31506.4582,29937.2889,26918.0447,24030.9254,32489.674,24494.2784,27436.7843,25669.4049,24030.9254,28602.9698,24494.2784,24494.2784,24494.2784,100000
1,1,0.559016994,0.559016994,3114.77166,3114.77166,3114.77166,26918.0447,33646.495,25275.0976,25275.0976,25275.0976,35492.1564,33646.495,26524.0287,26524.0287,24030.9254,31506.4582,31506.4582,29937.2889,26918.0447,24030.9254,32489.674,24494.2784,24322.0126,25669.4049,24030.9254,28602.9698,24494.2784,24494.2784,24494.2784,100000
1,3,1.11803399,1.20710678,5961.30497,7530.47427,21022.2535,26918.0447,33646.495,25275.0976,25275.0976,25275.0976,35492.1564,33646.495,26524.0287,26524.0287,24030.9254,23975.984,23975.984,23975.984,26918.0447,24030.9254,32489.674,24494.2784,24322.0126,25669.4049,24030.9254,28602.9698,24494.2784,24494.2784,24494.2784,100000
1,4,1.03077641,1.10355339,2486.78329,4129.73035,13233.3186,26918.0447,33646.495,25275.0976,22788.3144,25275.0976,35492.1564,33646.495,26524.0287,22788.3144,24030.9254,23975.984,23975.984,23975.984,22788.3144,24030.9254,32489.674,24494.2784,24322.0126,22788.3144,24030.9254,28602.9698,24494.2784,24494.2784,24494.2784,100000
1,2,0.5,0.5,1243.85008,1243.85008,2487.70015,26918.0447,33646.495,25275.0976,22788.3144,25275.0976,35492.1564,33646.495,26524.0287,22788.3144,24030.9254,23975.984,23975.984,23975.984,22788.3144,24030.9254,32489.674,24494.2784,24322.0126,22788.3144,24030.9254,28602.9698,24494.2784,23250.4284,23250.4284,100000
1,3,0.707106781,0.853553391,1861.69657,2933.28085,7382.22959,26918.0447,33646.495,25275.0976,22788.3144,25275.0976,35492.1564,33646.495,26524.0287,22788.3144,24030.9254,23975.984,23975.984,21388.7318,22788.3144,24030.9254,32489.674,24494.2784,21388.7318,22788.3144,24030.9254,28602.9698,24494.2784,23250.4284,21388.7318,100000
1,3,0.75,0.75,990.786544,4096.33319,7939.60284,26918.0447,33646.495,25275.0976,22788.3144,25275.0976,35492.1564,33646.495,26524.0287,22788.3144,24030.9254,23975.984,23975.984,21388.7318,22788.3144,24030.9254,32489.674,24494.2784,21388.7318,22788.3144,24030.9254,28602.9698,20397.9453,20397.9453,20397.9453,100000
1,2,1.25,1.31066017,11732.5146,13578.1761,25310.6907,26918.0447,33646.495,25275.0976,22788.3144,25275.0976,21913.9804,21913.9804,26524.0287,22788.3144,24030.9254,23975.984,23975.984,21388.7318,22788.3144,24030.9254,32489.674,24494.2784,21388.7318,22788.3144,24030.9254,28602.9698,20397.9453,20397.9453,20397.9453,100000
1,3,0.559016994,0.75,1075.70282,3717.89644,7268.88464,26918.0447,33646.495,25275.0976,22788.3144,25275.0976,21913.9804,21913.9804,26524.0287,22788.3144,24030.9254,23975.984,23975.984,21388.7318,22788.3144,24030.9254,32489.674,24494.2784,20313.029,20313.029,20313.029,28602.9698,20397.9453,20397.9453,20397.9453,100000
1,1,1.03077641,1.03077641,10573.4217,10573.4217,10573.4217,26918.0447,33646.495,25275.0976,22788.3144,25275.0976,21913.9804,21913.9804,26524.0287,22788.3144,24030.9254,23975.984,23975.984,21388.7318,22788.3144,24030.9254,21916.2523,24494.2784,20313.029,20313.029,20313.029,28602.9698,20397.9453,20397.9453,20397.9453,100000
1,4,1.25,1.41257038,2860.34083,6956.67402,20631.7704,26918.0447,33646.495,25275.0976,22788.3144,25275.0976,17537.6044,21913.9804,26524.0287,22788.3144,24030.9254,17537.6044,23975.984,21388.7318,22788.3144,24030.9254,21916.2523,17537.6044,20313.029,20313.029,20313.029,28602.9698,20397.9453,20397.9453,17537.6044,100000
1,4,0.790569415,1,1181.73311,3957.15767,13053.2061,26918.0447,33646.495,25275.0976,22788.3144,25275.0976,17537.6044,21913.9804,26524.0287,22788.3144,24030.9254,17537.6044,23975.984,21388.7318,22788.3144,24030.9254,21916.2523,16355.8713,16355.8713,16355.8713,16355.8713,28602.9698,20397.9453,20397.9453,17537.6044,100000
1,4,1.11803399,1.30901699,1712.65668,8151.03623,22390.8436,26918.0447,33646.495,25275.0976,22788.3144,25275.0976,17537.6044,21913.9804,26524.0287,22788.3144,24030.9254,15824.9477,15824.9477,15824.9477,15824.9477,24030.9254,21916.2523,16355.8713,16355.8713,16355.8713,16355.8713,28602.9698,20397.9453,20397.9453,17537.6044,100000
1,1,0.5,0.5,2487.57626,2487.57626,2487.57626,26918.0447,33646.495,25275.0976,22788.3144,25275.0976,17537.6044,21913.9804,26524.0287,22788.3144,24030.9254,15824.9477,15824.9477,15824.9477,15824.9477,21543.3492,21916.2523,16355.8713,16355.8713,16355.8713,16355.8713,28602.9698,20397.9453,20397.9453,17537.6044,100000
1,1,0.901387819,0.901387819,8088.01559,8088.01559,8088.01559,26918.0447,33646.495,25275.0976,22788.3144,25275.0976,17537.6044,21913.9804,18436.0131,22788.3144,24030.9254,15824.9477,15824.9477,15824.9477,15824.9477,21543.3492,21916.2523,16355.8713,16355.8713,16355.8713,16355.8713,28602.9698,20397.9453,20397.9453,17537.6044,100000
1,2,0.353553391,0.5,894.461712,2076.19482,2970.65653,26918.0447,33646.495,25275.0976,22788.3144,25275.0976,17537.6044,21913.9804,18436.0131,22788.3144,24030.9254,15824.9477,15824.9477,15824.9477,15824.9477,21543.3492,21916.2523,16355.8713,16355.8713,15461.4096,16355.8713,28602.9698,20397.9453,20397.9453,15461.4096,100000
1,4,0.901387819,1.25,2101.75087,6674.74838,18083.9221,26918.0447,33646.495,25275.0976,22788.3144,25275.0976,17537.6044,21913.9804,18436.0131,22788.3144,24030.9254,15824.9477,13723.1969,15824.9477,15824.9477,21543.3492,21916.2523,13723.1969,16355.8713,15461.4096,16355.8713,28602.9698,13723.1969,13723.1969,15461.4096,100000
1,4,1.11803399,1.35355339,3987.76986,7719.51835,23415.3694,26918.0447,33646.495,17555.5793,22788.3144,25275.0976,17537.6044,21913.9804,18436.0131,17555.5793,17555.5793,15824.9477,13723.1969,15824.9477,15824.9477,17555.5793,21916.2523,13723.1969,16355.8713,15461.4096,16355.8713,28602.9698,13723.1969,13723.1969,15461.4096,100000
1,1,1,1,9953.30383,9953.30383,9953.30383,26918.0447,33646.495,17555.5793,22788.3144,15321.7938,17537.6044,21913.9804,18436.0131,17555.5793,17555.5793,15824.9477,13723.1969,15824.9477,15824.9477,17555.5793,21916.2523,13723.1969,16355.8713,15461.4096,16355.8713,28602.9698,13723.1969,13723.1969,15461.4096,100000
1,2,0.559016994,0.603553391,1381.62389,2276.08561,3657.7095,26918.0447,33646.495,17555.5793,22788.3144,15321.7938,17537.6044,21913.9804,18436.0131,17555.5793,17555.5793,15824.9477,13723.1969,15824.9477,15824.9477,17555.5793,21916.2523,13723.1969,14079.7857,15461.4096,16355.8713,28602.9698,13723.1969,13723.1969,14079.7857,100000
1,3,0.559016994,0.75,1344.5024,3075.13395,6295.06231,26918.0447,33646.495,17555.5793,22788.3144,15321.7938,17537.6044,21913.9804,18436.0131,17555.5793,17555.5793,15824.9477,13723.1969,15824.9477,14480.4453,14480.4453,21916.2523,13723.1969,14079.7857,15461.4096,14480.4453,28602.9698,13723.1969,13723.1969,14079.7857,100000
1,3,1.11803399,1.5,2333.56163,15111.5837,25870.0115,26918.0447,33646.495,17555.5793,22788.3144,15321.7938,17537.6044,21913.9804,18436.0131,17555.5793,17555.5793,13491.3861,13723.1969,15824.9477,14480.4453,14480.4453,13491.3861,13723.1969,14079.7857,15461.4096,14480.4453,13491.3861,13723.1969,13723.1969,14079.7857,100000
1,2,0.5,0.5,1092.22709,1448.81593,2541.04302,26918.0447,33646.495,17555.5793,22788.3144,15321.7938,17537.6044,21913.9804,18436.0131,17555.5793,17555.5793,13491.3861,13723.1969,15824.9477,14480.4453,14480.4453,13491.3861,13723.1969,14079.7857,15461.4096,14480.4453,13491.3861,13723.1969,12630.9698,12630.9698,100000
1,2,0.5,0.5,1245.82807,1245.82807,2491.65615,26918.0447,33646.495,17555.5793,22788.3144,15321.7938,17537.6044,21913.9804,18436.0131,17555.5793,17555.5793,13491.3861,13723.1969,15824.9477,14480.4453,14480.4453,13491.3861,13723.1969,14079.7857,15461.4096,14480.4453,13491.3861,13723.1969,11385.1417,11385.1417,100000
1,1,0.353553391,0.353553391,1245.67021,1245.67021,1245.67021,26918.0447,33646.495,17555.5793,22788.3144,15321.7938,17537.6044,21913.9804,18436.0131,17555.5793,17555.5793,13491.3861,13723.1969,15824.9477,14480.4453,14480.4453,13491.3861,13723.1969,14079.7857,14215.7394,14480.4453,13491.3861,13723.1969,11385.1417,11385.1417,100000
1,2,1.41421356,1.5,9870.82596,16599.2763,26470.1022,17047.2187,17047.2187,17555.5793,22788.3144,15321.7938,17537.6044,21913.9804,18436.0131,17555.5793,17555.5793,13491.3861,13723.1969,15824.9477,14480.4453,14480.4453,13491.3861,13723.1969,14079.7857,14215.7394,14480.4453,13491.3861,13723.1969,11385.1417,11385.1417,100000
1,4,0.790569415,1,1690.93152,4766.06547,12913.994,17047.2187,17047.2187,17555.5793,22788.3144,15321.7938,17537.6044,21913.9804,18436.0131,12789.5138,12789.5138,13491.3861,13723.1969,15824.9477,14480.4453,12789.5138,13491.3861,13723.1969,14079.7857,14215.7394,12789.5138,13491.3861,13723.1969,11385.1417,11385.1417,100000
1,4,0.75,1.10355339,2861.23294,3353.77546,12294.0631,17047.2187,17047.2187,17555.5793,22788.3144,15321.7938,17537.6044,21913.9804,18436.0131,12789.5138,12789.5138,13491.3861,13723.1969,15824.9477,14480.4453,12789.5138,13491.3861,10861.9639,10861.9639,10861.9639,12789.5138,13491.3861,10861.9639,11385.1417,11385.1417,100000
1,4,0.901387819,1.10355339,1954.35301,4989.78693,13477.4605,17047.2187,17047.2187,17555.5793,22788.3144,15321.7938,17537.6044,21913.9804,18436.0131,12789.5138,12789.5138,13491.3861,10835.1608,10835.1608,10835.1608,12789.5138,13491.3861,10861.9639,10861.9639,10861.9639,10835.1608,13491.3861,10861.9639,11385.1417,11385.1417,100000
1,4,1.11803399,1.65138782,2966.20056,13495.0392,30652.3481,17047.2187,17047.2187,17555.5793,22788.3144,15321.7938,8418.94114,8418.94114,18436.0131,12789.5138,12789.5138,8418.94114,10835.1608,10835.1608,10835.1608,12789.5138,13491.3861,10861.9639,10861.9639,10861.9639,10835.1608,13491.3861,10861.9639,11385.1417,8418.94114,100000
1,4,1.03077641,1.10355339,2811.92788,5441.35006,13877.1337,17047.2187,17047.2187,17555.5793,22788.3144,15321.7938,8418.94114,8418.94114,18436.0131,12789.5138,12789.5138,8418.94114,10835.1608,10835.1608,10835.1608,12789.5138,8050.03605,8050.03605,8050.03605,8050.03605,10835.1608,13491.3861,10861.9639,11385.1417,8418.94114,100000
1,2,1.11803399,1.28077641,6471.90545,11704.6405,18176.546,17047.2187,17047.2187,11083.6738,11083.6738,15321.7938,8418.94114,8418.94114,18436.0131,12789.5138,12789.5138,8418.94114,10835.1608,10835.1608,10835.1608,12789.5138,8050.03605,8050.03605,8050.03605,8050.03605,10835.1608,13491.3861,10861.9639,11385.1417,8418.94114,100000
1,3,0.75,0.75,1061.92393,3016.27694,7094.47781,17047.2187,17047.2187,11083.6738,11083.6738,15321.7938,8418.94114,8418.94114,18436.0131,12789.5138,9773.23688,8418.94114,10835.1608,10835.1608,10835.1608,9773.23688,8050.03605,8050.03605,8050.03605,8050.03605,9773.23688,13491.3861,10861.9639,11385.1417,8418.94114,100000
1,4,0.790569415,1,1540.82721,4875.93286,12679.2475,17047.2187,17047.2187,11083.6738,11083.6738,15321.7938,8418.94114,8418.94114,18436.0131,12789.5138,9773.23688,8418.94114,10835.1608,10835.1608,10835.1608,9773.23688,8050.03605,6509.20884,8050.03605,8050.03605,9773.23688,13491.3861,6509.20884,6509.20884,6509.20884,100000
1,2,0.353553391,0.5,825.443149,2548.64398,3374.08713,17047.2187,17047.2187,11083.6738,11083.6738,15321.7938,8418.94114,8418.94114,18436.0131,12789.5138,9773.23688,8418.94114,10835.1608,10835.1608,10835.1608,9773.23688,8050.03605,6509.20884,8050.03605,7224.5929,7224.5929,13491.3861,6509.20884,6509.20884,6509.20884,100000
1,2,1.06066017,1.15138782,1932.08122,11949.1532,13881.2344,17047.2187,17047.2187,11083.6738,11083.6738,15321.7938,8418.94114,6486.85992,6486.85992,12789.5138,9773.23688,8418.94114,10835.1608,10835.1608,10835.1608,9773.23688,8050.03605,6509.20884,8050.03605,7224.5929,7224.5929,13491.3861,6509.20884,6509.20884,6509.20884,100000
1,4,1.41421356,1.61803399,5283.16134,11495.2193,35511.1143,5551.99946,5551.99946,11083.6738,11083.6738,15321.7938,8418.94114,6486.85992,6486.85992,5551.99946,9773.23688,8418.94114,10835.1608,10835.1608,5551.99946,9773.23688,8050.03605,6509.20884,8050.03605,7224.5929,7224.5929,13491.3861,6509.20884,6509.20884,6509.20884,100000
1,4,0.901387819,1.10355339,1886.37158,5496.93949,14766.6221,5551.99946,5551.99946,11083.6738,11083.6738,15321.7938,8418.94114,6486.85992,6486.85992,5551.99946,9773.23688,8418.94114,5338.22132,5338.22132,5551.99946,9773.23688,8050.03605,6509.20884,8050.03605,5338.22132,5338.22132,13491.3861,6509.20884,6509.20884,6509.20884,100000
1,1,0.5,0.5,2491.0301,2491.0301,2491.0301,5551.99946,5551.99946,11083.6738,11083.6738,15321.7938,8418.94114,6486.85992,6486.85992,5551.99946,9773.23688,8418.94114,5338.22132,5338.22132,5551.99946,7282.20678,8050.03605,6509.20884,8050.03605,5338.22132,5338.22132,13491.3861,6509.20884,6509.20884,6509.20884,100000
1,1,1,1,9950.18836,9950.18836,9950.18836,5551.99946,5551.99946,11083.6738,11083.6738,5371.60545,8418.94114,6486.85992,6486.85992,5551.99946,9773.23688,8418.94114,5338.22132,5338.22132,5551.99946,7282.20678,8050.03605,6509.20884,8050.03605,5338.22132,5338.22132,13491.3861,6509.20884,6509.20884,6509.20884,100000
1,2,1,1,1739.79304,8721.97032,10461.7634,5551.99946,5551.99946,11083.6738,11083.6738,5371.60545,8418.94114,6486.85992,6486.85992,5551.99946,9773.23688,8418.94114,5338.22132,5338.22132,5551.99946,7282.20678,8050.03605,6509.20884,8050.03605,5338.22132,5338.22132,4769.41579,6509.20884,6509.20884,4769.41579,100000
1,4,1.41421356,1.51612378,4524.94014,7605.65997,24106.0733,813.281171,5551.99946,11083.6738,11083.6738,5371.60545,813.281171,6486.85992,6486.85992,5551.99946,9773.23688,8418.94114,813.281171,5338.22132,5551.99946,7282.20678,8050.03605,6509.20884,813.281171,5338.22132,5338.22132,4769.41579,6509.20884,6509.20884,4769.41579,100000
1,1,0.25,0.25,625.57281,625.57281,625.57281,813.281171,5551.99946,11083.6738,11083.6738,5371.60545,813.281171,6486.85992,6486.85992,5551.99946,9773.23688,8418.94114,813.281171,5338.22132,5551.99946,7282.20678,8050.03605,6509.20884,813.281171,5338.22132,4712.64851,4769.41579,6509.20884,6509.20884,4769.41579,100000
1,2,0.559016994,0.75,1935.60919,3665.8165,5601.42569,813.281171,5551.99946,11083.6738,11083.6738,5371.60545,813.281171,6486.85992,6486.85992,5551.99946,9773.23688,8418.94114,813.281171,5338.22132,3616.39027,3616.39027,8050.03605,6509.20884,813.281171,5338.22132,4712.64851,4769.41579,6509.20884,6509.20884,4769.41579,100000
1,1,0.25,0.25,624.12277,624.12277,624.12277,813.281171,5551.99946,11083.6738,11083.6738,5371.60545,813.281171,6486.85992,6486.85992,5551.99946,9773.23688,8418.94114,813.281171,5338.22132,3616.39027,3616.39027,8050.03605,6509.20884,813.281171,5338.22132,4712.64851,4769.41579,6509.20884,6509.20884,4145.29302,100000
1,4,1.03077641,1.10355339,1425.26131,5330.00434,14333.6199,813.281171,5551.99946,11083.6738,11083.6738,5371.60545,813.281171,6486.85992,6486.85992,5551.99946,9773.23688,8418.94114,813.281171,5338.22132,3616.39027,3616.39027,2720.03171,6509.20884,813.281171,5338.22132,4712.64851,4769.41579,2720.03171,2720.03171,2720.03171,100000
1,4,0.901387819,1.25,2153.37955,7213.96793,16287.669,813.281171,5551.99946,11083.6738,11083.6738,5371.60545,813.281171,6486.85992,2559.26895,2559.26895,2559.26895,8418.94114,813.281171,5338.22132,3616.39027,3616.39027,2720.03171,6509.20884,813.281171,5338.22132,2559.26895,4769.41579,2720.03171,2720.03171,2720.03171,100000
1,2,0.707106781,0.707106781,2491.86503,2491.86503,4983.73006,813.281171,5551.99946,11083.6738,11083.6738,5371.60545,813.281171,6486.85992,2559.26895,2559.26895,2559.26895,8418.94114,813.281171,2846.35629,3616.39027,3616.39027,2720.03171,6509.20884,813.281171,2846.35629,2559.26895,4769.41579,2720.03171,2720.03171,2720.03171,100000
1,3,0.75,0.75,1870.0218,1870.0218,5610.0654,813.281171,5551.99946,11083.6738,11083.6738,5371.60545,813.281171,6486.85992,2559.26895,2559.26895,2559.26895,8418.94114,813.281171,2846.35629,3616.39027,3616.39027,2720.03171,6509.20884,813.281171,2846.35629,2559.26895,4769.41579,850.00991,850.00991,850.00991,100000
1,3,1.11803399,1.20710678,2714.81033,8287.39518,17379.8684,813.281171,5551.99946,11083.6738,11083.6738,5371.60545,813.281171,6486.85992,2559.26895,2559.26895,2559.26895,131.545955,813.281171,2846.35629,3616.39027,3616.39027,2720.03171,131.545955,813.281171,131.545955,2559.26895,4769.41579,850.00991,850.00991,850.00991,100000
1,4,1.06066017,1.20710678,2552.93413,6480.52509,15483.5361,813.281171,5551.99946,11083.6738,11083.6738,5371.60545,813.281171,6.33482414,2559.26895,2559.26895,2559.26895,131.545955,813.281171,6.33482414,6.33482414,3616.39027,2720.03171,131.545955,813.281171,131.545955,6.33482414,4769.41579,850.00991,850.00991,850.00991,100000
1,1,0.25,0.25,624.226028,624.226028,624.226028,813.281171,5551.99946,11083.6738,11083.6738,5371.60545,813.281171,6.33482414,2559.26895,2559.26895,2559.26895,131.545955,813.281171,6.33482414,6.33482414,3616.39027,2720.03171,131.545955,813.281171,131.545955,6.33482414,4769.41579,850.00991,850.00991,225.783882,100000
